created_at,entry_id,field1,field2,latitude,longitude,elevation,status
2026-09-21T16:52:14+00:00,1,4.53333,7.37110,,,,
2026-09-21T16:52:35+00:00,2,4.53333,8.88888,,,,
2026-09-21T16:52:56+00:00,3,2.80000,10.15777,,,,
2026-09-21T16:53:17+00:00,4,2.66667,11.05332,,,,
2026-09-21T16:53:38+00:00,5,6.93333,12.18888,,,,
2026-09-21T16:53:58+00:00,6,7.06667,14.70221,,,,
2026-09-21T16:54:19+00:00,7,6.93333,17.00443,,,,
2026-09-21T16:54:40+00:00,8,6.93333,19.48664,,,,
2026-09-21T16:55:02+00:00,9,6.80000,21.76885,,,,
2026-09-21T16:55:23+00:00,10,6.93333,24.29106,,,,
2026-09-21T16:55:44+00:00,11,6.93333,26.71993,,,,
2026-09-21T16:56:05+00:00,12,6.93333,29.25325,,,,
2026-09-21T16:56:26+00:00,13,6.93333,31.55324,,,,
